,name,company,ssn,address,job,email,birthday,work-email,credit_card,phone_number,x,y,coworker
0,Doris Martinez,"Fisher, Green and Dixon",415-39-7809,"24219 Archer Mountain Suite 924
North Melissaborough, LA 41945",Secretary/administrator,mary84@yahoo.com,1936-09-18,,,,-98.40656934299994,16.473695000000077,Jeffery Garcia
1,Doris Martinez,"Fisher, Green and Dixon",415-39-7809,"24219 Archer Mountain Suite 924
North Melissaborough, LA 41945",Secretary/administrator,mary84@yahoo.com,1936-09-18,,,,-98.40656934299994,16.473695000000077,Kelsey Freeman
2,Doris Martinez,"Fisher, Green and Dixon",415-39-7809,"24219 Archer Mountain Suite 924
North Melissaborough, LA 41945",Secretary/administrator,mary84@yahoo.com,1936-09-18,,,,-98.40656934299994,16.473695000000077,Kimberly Carter
3,Doris Martinez,"Fisher, Green and Dixon",415-39-7809,"24219 Archer Mountain Suite 924
North Melissaborough, LA 41945",Secretary/administrator,mary84@yahoo.com,1936-09-18,,,,-98.40656934299994,16.473695000000077,Andrew Scott
4,Jeffery Garcia,"Fisher, Green and Dixon",462-64-5856,"5330 Wilson Fields Suite 560
East Heiditown, VA 70519",Senior tax professional/tax inspector,imoore@yahoo.com,1920-08-13,,,,-81.2395803342355,36.62177747912742,Doris Martinez
5,Jeffery Garcia,"Fisher, Green and Dixon",462-64-5856,"5330 Wilson Fields Suite 560
East Heiditown, VA 70519",Senior tax professional/tax inspector,imoore@yahoo.com,1920-08-13,,,,-81.2395803342355,36.62177747912742,Kimberly Carter
6,Jeffery Garcia,"Fisher, Green and Dixon",462-64-5856,"5330 Wilson Fields Suite 560
East Heiditown, VA 70519",Senior tax professional/tax inspector,imoore@yahoo.com,1920-08-13,,,,-81.2395803342355,36.62177747912742,Christina Murphy
7,Jeffery Garcia,"Fisher, Green and Dixon",462-64-5856,"5330 Wilson Fields Suite 560
East Heiditown, VA 70519",Senior tax professional/tax inspector,imoore@yahoo.com,1920-08-13,,,,-81.2395803342355,36.62177747912742,Terry Smith
8,Kelsey Freeman,"Fisher, Green and Dixon",420-73-8333,"PSC 5642, Box 8071
APO AA 06490",Microbiologist,yramirez@gmail.com,1958-08-27,,,,-6.627819999999929,38.87844699500005,Doris Martinez
9,Kelsey Freeman,"Fisher, Green and Dixon",420-73-8333,"PSC 5642, Box 8071
APO AA 06490",Microbiologist,yramirez@gmail.com,1958-08-27,,,,-6.627819999999929,38.87844699500005,Andrew Scott
10,Kimberly Carter,"Fisher, Green and Dixon",119-33-2186,"1240 Jamie Forks Apt. 590
Alistad, NY 60619","Nurse, children's",nicholas11@hotmail.com,1931-08-14,,,,-78.75470999999999,42.90382000000005,Doris Martinez
11,Kimberly Carter,"Fisher, Green and Dixon",119-33-2186,"1240 Jamie Forks Apt. 590
Alistad, NY 60619","Nurse, children's",nicholas11@hotmail.com,1931-08-14,,,,-78.75470999999999,42.90382000000005,Jeffery Garcia
12,Charles Gonzalez,"Fisher, Green and Dixon",532-38-7349,"PSC 9361, Box 5349
APO AP 57022",Psychotherapist,nancy89@hotmail.com,1905-12-26,,,,-74.06289999999996,40.752500000000055,Roger Olson
13,Charles Gonzalez,"Fisher, Green and Dixon",532-38-7349,"PSC 9361, Box 5349
APO AP 57022",Psychotherapist,nancy89@hotmail.com,1905-12-26,,,,-74.06289999999996,40.752500000000055,Charles Gonzalez
14,Charles Gonzalez,"Fisher, Green and Dixon",532-38-7349,"PSC 9361, Box 5349
APO AP 57022",Psychotherapist,nancy89@hotmail.com,1905-12-26,,,,-74.06289999999996,40.752500000000055,Laura Ford
15,Roger Olson,"Fisher, Green and Dixon",152-33-9873,"7118 Williams Flat Apt. 075
Owenhaven, LA 50600","Engineer, petroleum",johnsonrobert@yahoo.com,1986-08-04,,,,-93.90434161540904,32.311726876216454,Charles Gonzalez
16,Roger Olson,"Fisher, Green and Dixon",152-33-9873,"7118 Williams Flat Apt. 075
Owenhaven, LA 50600","Engineer, petroleum",johnsonrobert@yahoo.com,1986-08-04,,,,-93.90434161540904,32.311726876216454,Andrew Scott
17,Roger Olson,"Fisher, Green and Dixon",152-33-9873,"7118 Williams Flat Apt. 075
Owenhaven, LA 50600","Engineer, petroleum",johnsonrobert@yahoo.com,1986-08-04,,,,-93.90434161540904,32.311726876216454,Darryl Moore
18,Roger Olson,"Fisher, Green and Dixon",152-33-9873,"7118 Williams Flat Apt. 075
Owenhaven, LA 50600","Engineer, petroleum",johnsonrobert@yahoo.com,1986-08-04,,,,-93.90434161540904,32.311726876216454,Margaret Carter
19,Andrew Scott,"Fisher, Green and Dixon",627-60-6336,"009 Soto Course
Michaelbury, MO 08386",Product/process development scientist,bnavarro@yahoo.com,1998-02-01,,,,-90.55427999999995,38.140130000000056,Roger Olson
20,Andrew Scott,"Fisher, Green and Dixon",627-60-6336,"009 Soto Course
Michaelbury, MO 08386",Product/process development scientist,bnavarro@yahoo.com,1998-02-01,,,,-90.55427999999995,38.140130000000056,Kelsey Freeman
21,Andrew Scott,"Fisher, Green and Dixon",627-60-6336,"009 Soto Course
Michaelbury, MO 08386",Product/process development scientist,bnavarro@yahoo.com,1998-02-01,,,,-90.55427999999995,38.140130000000056,Doris Martinez
22,Andrew Scott,"Fisher, Green and Dixon",627-60-6336,"009 Soto Course
Michaelbury, MO 08386",Product/process development scientist,bnavarro@yahoo.com,1998-02-01,,,,-90.55427999999995,38.140130000000056,Susan Cook
23,Heather Savage,"Fisher, Green and Dixon",452-27-6089,"141 Watts Squares
West Katrina, ID 59935",Farm manager,pfrench@yahoo.com,1990-03-31,,,,-115.89227999999997,48.461550000000045,Margaret Carter
24,Heather Savage,"Fisher, Green and Dixon",452-27-6089,"141 Watts Squares
West Katrina, ID 59935",Farm manager,pfrench@yahoo.com,1990-03-31,,,,-115.89227999999997,48.461550000000045,Kelly Lopez
25,Heather Savage,"Fisher, Green and Dixon",452-27-6089,"141 Watts Squares
West Katrina, ID 59935",Farm manager,pfrench@yahoo.com,1990-03-31,,,,-115.89227999999997,48.461550000000045,Susan Cook
26,Margaret Carter,"Fisher, Green and Dixon",480-18-9169,"6377 Flores Ports
West Julietown, AK 62305",Chartered legal executive (England and Wales),tonyasimmons@yahoo.com,2003-12-27,,,,-91.39344999999997,39.964541100000076,Heather Savage
27,Margaret Carter,"Fisher, Green and Dixon",480-18-9169,"6377 Flores Ports
West Julietown, AK 62305",Chartered legal executive (England and Wales),tonyasimmons@yahoo.com,2003-12-27,,,,-91.39344999999997,39.964541100000076,Kelly Lopez
28,Margaret Carter,"Fisher, Green and Dixon",480-18-9169,"6377 Flores Ports
West Julietown, AK 62305",Chartered legal executive (England and Wales),tonyasimmons@yahoo.com,2003-12-27,,,,-91.39344999999997,39.964541100000076,Roger Olson
29,Margaret Carter,"Fisher, Green and Dixon",480-18-9169,"6377 Flores Ports
West Julietown, AK 62305",Chartered legal executive (England and Wales),tonyasimmons@yahoo.com,2003-12-27,,,,-91.39344999999997,39.964541100000076,Thomas Taylor
30,Kelly Lopez,"Fisher, Green and Dixon",051-50-0546,"02394 Bush Mission
Port Michael, NY 68150","Copywriter, advertising",chrissimmons@hotmail.com,2017-07-15,,,,7.261282037000058,48.207925000000046,Heather Savage
31,Kelly Lopez,"Fisher, Green and Dixon",051-50-0546,"02394 Bush Mission
Port Michael, NY 68150","Copywriter, advertising",chrissimmons@hotmail.com,2017-07-15,,,,7.261282037000058,48.207925000000046,Margaret Carter
32,Kelly Lopez,"Fisher, Green and Dixon",051-50-0546,"02394 Bush Mission
Port Michael, NY 68150","Copywriter, advertising",chrissimmons@hotmail.com,2017-07-15,,,,7.261282037000058,48.207925000000046,Ms. Crystal Moran
33,Ms. Crystal Moran,"Fisher, Green and Dixon",286-46-5237,"Unit 1849 Box 8347
DPO AA 61066",Fine artist,heather33@hotmail.com,2015-09-30,,,,36.351410000000044,49.97022000000004,Kelly Lopez
34,Ms. Crystal Moran,"Fisher, Green and Dixon",286-46-5237,"Unit 1849 Box 8347
DPO AA 61066",Fine artist,heather33@hotmail.com,2015-09-30,,,,36.351410000000044,49.97022000000004,Tammy Johnson
35,Joann Thomas,"Fisher, Green and Dixon",511-14-0427,"0382 Simpson Villages
West Melanie, NJ 92699",Dancer,maryhoover@gmail.com,1907-08-28,,,,-74.57138802606443,39.286354434611575,Terry Smith
36,Joann Thomas,"Fisher, Green and Dixon",511-14-0427,"0382 Simpson Villages
West Melanie, NJ 92699",Dancer,maryhoover@gmail.com,1907-08-28,,,,-74.57138802606443,39.286354434611575,Joshua Spencer
37,Joann Thomas,"Fisher, Green and Dixon",511-14-0427,"0382 Simpson Villages
West Melanie, NJ 92699",Dancer,maryhoover@gmail.com,1907-08-28,,,,-74.57138802606443,39.286354434611575,Aaron Lee
38,Joann Thomas,"Fisher, Green and Dixon",511-14-0427,"0382 Simpson Villages
West Melanie, NJ 92699",Dancer,maryhoover@gmail.com,1907-08-28,,,,-74.57138802606443,39.286354434611575,Tammy Johnson
39,Joann Thomas,"Fisher, Green and Dixon",511-14-0427,"0382 Simpson Villages
West Melanie, NJ 92699",Dancer,maryhoover@gmail.com,1907-08-28,,,,-74.57138802606443,39.286354434611575,Darryl Moore
40,Terry Smith,"Fisher, Green and Dixon",736-11-6999,"PSC 9197, Box 2990
APO AE 97234","Therapist, speech and language",knightmark@hotmail.com,1937-09-09,,,,9.893031507000046,49.725250000000074,Joann Thomas
41,Terry Smith,"Fisher, Green and Dixon",736-11-6999,"PSC 9197, Box 2990
APO AE 97234","Therapist, speech and language",knightmark@hotmail.com,1937-09-09,,,,9.893031507000046,49.725250000000074,Jeffery Garcia
42,Terry Smith,"Fisher, Green and Dixon",736-11-6999,"PSC 9197, Box 2990
APO AE 97234","Therapist, speech and language",knightmark@hotmail.com,1937-09-09,,,,9.893031507000046,49.725250000000074,Danny Simpson
43,Joshua Spencer,"Fisher, Green and Dixon",157-43-0149,"55445 Richard Lane
Lake Ashleyview, AL 95085",Medical secretary,jessicawright@hotmail.com,1942-01-08,,,,-86.24025999999998,34.31815000000006,Joann Thomas
44,Joshua Spencer,"Fisher, Green and Dixon",157-43-0149,"55445 Richard Lane
Lake Ashleyview, AL 95085",Medical secretary,jessicawright@hotmail.com,1942-01-08,,,,-86.24025999999998,34.31815000000006,Aaron Lee
45,Aaron Lee,"Fisher, Green and Dixon",731-58-8338,"PSC 1327, Box 1664
APO AE 99818",Commercial art gallery manager,frank27@hotmail.com,2002-02-24,,,,31.304560000000038,3.4838300000000686,Joann Thomas
46,Aaron Lee,"Fisher, Green and Dixon",731-58-8338,"PSC 1327, Box 1664
APO AE 99818",Commercial art gallery manager,frank27@hotmail.com,2002-02-24,,,,31.304560000000038,3.4838300000000686,Joshua Spencer
47,Thomas Taylor,"Fisher, Green and Dixon",569-89-6345,"USNS Willis
FPO AE 73874",Publishing rights manager,martinezmatthew@yahoo.com,1910-09-03,,,,41.92928230100006,29.65799000000004,Susan Cook
48,Thomas Taylor,"Fisher, Green and Dixon",569-89-6345,"USNS Willis
FPO AE 73874",Publishing rights manager,martinezmatthew@yahoo.com,1910-09-03,,,,41.92928230100006,29.65799000000004,Danny Simpson
49,Thomas Taylor,"Fisher, Green and Dixon",569-89-6345,"USNS Willis
FPO AE 73874",Publishing rights manager,martinezmatthew@yahoo.com,1910-09-03,,,,41.92928230100006,29.65799000000004,Margaret Carter
50,Tammy Johnson,"Fisher, Green and Dixon",054-77-2756,"07599 Chambers Park Suite 620
East Stacy, CA 03933",Further education lecturer,kochcolleen@hotmail.com,1970-05-22,,,,-120.03236999999996,40.230800000000045,Ms. Crystal Moran
51,Tammy Johnson,"Fisher, Green and Dixon",054-77-2756,"07599 Chambers Park Suite 620
East Stacy, CA 03933",Further education lecturer,kochcolleen@hotmail.com,1970-05-22,,,,-120.03236999999996,40.230800000000045,Joann Thomas
52,Susan Cook,"Fisher, Green and Dixon",651-37-5384,"67592 Kelli Divide
Gloriachester, DE 03799","Therapist, sports",andrewcarr@yahoo.com,1936-12-03,,,,21.07668039200007,52.26855500000005,Thomas Taylor
53,Susan Cook,"Fisher, Green and Dixon",651-37-5384,"67592 Kelli Divide
Gloriachester, DE 03799","Therapist, sports",andrewcarr@yahoo.com,1936-12-03,,,,21.07668039200007,52.26855500000005,Heather Savage
54,Susan Cook,"Fisher, Green and Dixon",651-37-5384,"67592 Kelli Divide
Gloriachester, DE 03799","Therapist, sports",andrewcarr@yahoo.com,1936-12-03,,,,21.07668039200007,52.26855500000005,Andrew Scott
55,Laura Ford,"Fisher, Green and Dixon",642-14-8757,"066 Daniel Lodge
East Thomas, VA 37687",Drilling engineer,walterrivera@hotmail.com,1955-11-09,,,,-83.8043874803391,31.003473178140137,Charles Gonzalez
56,Darryl Moore,"Fisher, Green and Dixon",355-50-7722,"122 Caitlin River Suite 813
Carrieport, OR 22604",Volunteer coordinator,marksbenjamin@yahoo.com,1941-03-26,,,,-78.15332029999996,39.18559600000003,Danny Simpson
57,Darryl Moore,"Fisher, Green and Dixon",355-50-7722,"122 Caitlin River Suite 813
Carrieport, OR 22604",Volunteer coordinator,marksbenjamin@yahoo.com,1941-03-26,,,,-78.15332029999996,39.18559600000003,Christina Murphy
58,Darryl Moore,"Fisher, Green and Dixon",355-50-7722,"122 Caitlin River Suite 813
Carrieport, OR 22604",Volunteer coordinator,marksbenjamin@yahoo.com,1941-03-26,,,,-78.15332029999996,39.18559600000003,Roger Olson
59,Darryl Moore,"Fisher, Green and Dixon",355-50-7722,"122 Caitlin River Suite 813
Carrieport, OR 22604",Volunteer coordinator,marksbenjamin@yahoo.com,1941-03-26,,,,-78.15332029999996,39.18559600000003,Joann Thomas
60,Danny Simpson,"Fisher, Green and Dixon",186-30-8864,"2711 Ashlee Lake
South Lisaburgh, CA 86803","Scientist, product/process development",nathaniel56@gmail.com,1959-03-23,,,,-121.76386482664714,37.29214149003344,Darryl Moore
61,Danny Simpson,"Fisher, Green and Dixon",186-30-8864,"2711 Ashlee Lake
South Lisaburgh, CA 86803","Scientist, product/process development",nathaniel56@gmail.com,1959-03-23,,,,-121.76386482664714,37.29214149003344,Christina Murphy
62,Danny Simpson,"Fisher, Green and Dixon",186-30-8864,"2711 Ashlee Lake
South Lisaburgh, CA 86803","Scientist, product/process development",nathaniel56@gmail.com,1959-03-23,,,,-121.76386482664714,37.29214149003344,David Miller
63,Danny Simpson,"Fisher, Green and Dixon",186-30-8864,"2711 Ashlee Lake
South Lisaburgh, CA 86803","Scientist, product/process development",nathaniel56@gmail.com,1959-03-23,,,,-121.76386482664714,37.29214149003344,Terry Smith
64,Danny Simpson,"Fisher, Green and Dixon",186-30-8864,"2711 Ashlee Lake
South Lisaburgh, CA 86803","Scientist, product/process development",nathaniel56@gmail.com,1959-03-23,,,,-121.76386482664714,37.29214149003344,Thomas Taylor
65,Christina Murphy,"Fisher, Green and Dixon",124-58-2528,"57316 Marshall Lodge
Duartefort, MD 41291",Quality manager,youngsarah@yahoo.com,2014-07-20,,,,-38.44803499999995,-12.89406046199997,Darryl Moore
66,Christina Murphy,"Fisher, Green and Dixon",124-58-2528,"57316 Marshall Lodge
Duartefort, MD 41291",Quality manager,youngsarah@yahoo.com,2014-07-20,,,,-38.44803499999995,-12.89406046199997,Danny Simpson
67,Christina Murphy,"Fisher, Green and Dixon",124-58-2528,"57316 Marshall Lodge
Duartefort, MD 41291",Quality manager,youngsarah@yahoo.com,2014-07-20,,,,-38.44803499999995,-12.89406046199997,David Miller
68,Christina Murphy,"Fisher, Green and Dixon",124-58-2528,"57316 Marshall Lodge
Duartefort, MD 41291",Quality manager,youngsarah@yahoo.com,2014-07-20,,,,-38.44803499999995,-12.89406046199997,Jeffery Garcia
69,David Miller,"Fisher, Green and Dixon",276-04-9549,"7298 Sierra Road
New Christine, ME 75628",Academic librarian,sarah81@gmail.com,1975-02-20,,,,34.79053250000004,31.983754847000057,Danny Simpson
70,David Miller,"Fisher, Green and Dixon",276-04-9549,"7298 Sierra Road
New Christine, ME 75628",Academic librarian,sarah81@gmail.com,1975-02-20,,,,34.79053250000004,31.983754847000057,Christina Murphy
